person1	 person1  av 	person2	 person2  av 	sharedTitles	numSharedTitles
 Michael  De  Luca 	1.793103448275862	 Bob  Weinstein 	2.347826086956522	['Butter']	1	3.0
 Michael  De  Luca 	1.793103448275862	 Harvey  Weinstein 	2.3473684210526304	['Butter']	1	3.0
 Michael  De  Luca 	1.793103448275862	 Barbara  A.  Hall 	1.3	 ['  I  Am  Sam  '] 	1	3.0
 Michael  De  Luca 	1.793103448275862	 Jon  Kilik 	2.2142857142857144	['Pleasantville']	1	3.0
 Thomas  Tull 	1.84375	 Chris  Brigham 	1.875	['Inception']	1	3.0
 Thomas  Tull 	1.84375	 Steven  Spielberg 	1.76	 ['  Jurassic  World  '] 	1	3.0
 Thomas  Tull 	1.84375	 Christopher  DeFaria 	2.0	 ['  Sucker  Punch  '] 	1	3.0
 Don  Carmody 	2.473684210526316	 Julie  Goldstein 	2.7777777777777777	['Chicago']	1	3.0
 Don  Carmody 	2.473684210526316	 Rob  Marshall 	2.4285714285714284	['Chicago']	1	3.0
 Don  Carmody 	2.473684210526316	 Meryl  Poster 	2.25	['Chicago']	1	3.0
 Don  Carmody 	2.473684210526316	 Bill  Condon 	2.5555555555555554	['Chicago']	1	3.0
 Don  Carmody 	2.473684210526316	 Neil  Meron 	2.5	['Chicago']	1	3.0
 Don  Carmody 	2.473684210526316	 Craig  Zadan 	2.5	['Chicago']	1	3.0
 Don  Carmody 	2.473684210526316	 Bob  Fosse 	3	['Chicago']	1	3.0
 Don  Carmody 	2.473684210526316	 Fred  Ebb 	3	['Chicago']	1	3.0
 Don  Carmody 	2.473684210526316	 Maurine  Dallas  Watkins 	3	['Chicago']	1	3.0
 Don  Carmody 	2.473684210526316	 Jennifer  Berman 	3	['Chicago']	1	3.0
 Don  Carmody 	2.473684210526316	 Sam  Crothers 	3	['Chicago']	1	3.0
 Don  Carmody 	2.473684210526316	 Martin  Richards 	3	['Chicago']	1	3.0
 Bob  Weinstein 	2.347826086956522	 Grant  Heslov 	1.1666666666666667	 ['  August:  Osage  County  '] 	1	3.0
 Bob  Weinstein 	2.347826086956522	 William  Horberg 	2.2666666666666666	 ['  Cold  Mountain  '] 	1	3.0
 Bob  Weinstein 	2.347826086956522	 Bruce  Cohen 	2.3333333333333335	 ['  Silver  Linings  Playbook  '] 	1	3.0
 Bob  Weinstein 	2.347826086956522	 George  Parra 	2.7142857142857144	 ['  Silver  Linings  Playbook  '] 	1	3.0
 Bob  Weinstein 	2.347826086956522	 Paul  Webster 	2.4444444444444446	 ['  Little  Voice  '] 	1	3.0
 Bob  Weinstein 	2.347826086956522	 Albert  Berger 	2.875	 ['  Cold  Mountain  '] 	1	3.0
 Bob  Weinstein 	2.347826086956522	 Ron  Yerxa 	2.875	 ['  Cold  Mountain  '] 	1	3.0
 Bob  Weinstein 	2.347826086956522	 Julie  Goldstein 	2.7777777777777777	 ['  Ella  Enchanted  ',  '  Holy  Smoke  ',  'Proof',  'Chicago',  '  Shakespeare  in  Love  '] 	5	3.0
 Bob  Weinstein 	2.347826086956522	 David  Crockett 	2.7142857142857144	['Cursed']	1	3.0
 Bob  Weinstein 	2.347826086956522	 David  Heyman 	2.411764705882353	['Paddington']	1	3.0
 Bob  Weinstein 	2.347826086956522	 Alison  Owen 	2.7	['Proof']	1	3.0
 Bob  Weinstein 	2.347826086956522	 Bill  Condon 	2.5555555555555554	['Chicago']	1	3.0
 Bob  Weinstein 	2.347826086956522	 Neil  Meron 	2.5	['Chicago']	1	3.0
 Bob  Weinstein 	2.347826086956522	 Craig  Zadan 	2.5	['Chicago']	1	3.0
 Bob  Weinstein 	2.347826086956522	 Alissa  Phillips 	2.0	['Butter']	1	3.0
 Bob  Weinstein 	2.347826086956522	 Bob  Fosse 	3	['Chicago']	1	3.0
 Bob  Weinstein 	2.347826086956522	 Fred  Ebb 	3	['Chicago']	1	3.0
 Bob  Weinstein 	2.347826086956522	 Maurine  Dallas  Watkins 	3	['Chicago']	1	3.0
 Bob  Weinstein 	2.347826086956522	 Jennifer  Berman 	3	['Chicago']	1	3.0
 Bob  Weinstein 	2.347826086956522	 Sam  Crothers 	3	['Chicago']	1	3.0
 Bob  Weinstein 	2.347826086956522	 Martin  Richards 	3	['Chicago']	1	3.0
 Harvey  Weinstein 	2.3473684210526304	 Grant  Heslov 	1.1666666666666667	 ['  August:  Osage  County  '] 	1	3.0
 Harvey  Weinstein 	2.3473684210526304	 William  Horberg 	2.2666666666666666	 ['  Cold  Mountain  '] 	1	3.0
 Harvey  Weinstein 	2.3473684210526304	 Bruce  Cohen 	2.3333333333333335	 ['  Silver  Linings  Playbook  '] 	1	3.0
 Harvey  Weinstein 	2.3473684210526304	 George  Parra 	2.7142857142857144	 ['  Silver  Linings  Playbook  '] 	1	3.0
 Harvey  Weinstein 	2.3473684210526304	 Paul  Webster 	2.4444444444444446	 ['  Little  Voice  '] 	1	3.0
 Harvey  Weinstein 	2.3473684210526304	 Albert  Berger 	2.875	 ['  Cold  Mountain  '] 	1	3.0
 Harvey  Weinstein 	2.3473684210526304	 Ron  Yerxa 	2.875	 ['  Cold  Mountain  '] 	1	3.0
 Harvey  Weinstein 	2.3473684210526304	 Julie  Goldstein 	2.7777777777777777	 ['  Ella  Enchanted  ',  '  Holy  Smoke  ',  'Proof',  'Chicago',  '  Shakespeare  in  Love  '] 	5	3.0
 Harvey  Weinstein 	2.3473684210526304	 David  Crockett 	2.7142857142857144	['Cursed']	1	3.0
 Harvey  Weinstein 	2.3473684210526304	 David  Heyman 	2.411764705882353	['Paddington']	1	3.0
 Harvey  Weinstein 	2.3473684210526304	 Alison  Owen 	2.7	['Proof']	1	3.0
 Harvey  Weinstein 	2.3473684210526304	 Bill  Condon 	2.5555555555555554	['Chicago']	1	3.0
 Harvey  Weinstein 	2.3473684210526304	 Neil  Meron 	2.5	['Chicago']	1	3.0
 Harvey  Weinstein 	2.3473684210526304	 Craig  Zadan 	2.5	['Chicago']	1	3.0
 Harvey  Weinstein 	2.3473684210526304	 Alissa  Phillips 	2.0	['Butter']	1	3.0
 Harvey  Weinstein 	2.3473684210526304	 Bob  Fosse 	3	['Chicago']	1	3.0
 Harvey  Weinstein 	2.3473684210526304	 Fred  Ebb 	3	['Chicago']	1	3.0
 Harvey  Weinstein 	2.3473684210526304	 Maurine  Dallas  Watkins 	3	['Chicago']	1	3.0
 Harvey  Weinstein 	2.3473684210526304	 Jennifer  Berman 	3	['Chicago']	1	3.0
 Harvey  Weinstein 	2.3473684210526304	 Sam  Crothers 	3	['Chicago']	1	3.0
 Harvey  Weinstein 	2.3473684210526304	 Martin  Richards 	3	['Chicago']	1	3.0
 Tim  Bevan 	2.309523809523809	 Steve  Golin 	2.2666666666666666	 ['  Big  Miracle  '] 	1	3.0
 Tim  Bevan 	2.309523809523809	 Christopher  Hampton 	2.75	['Atonement']	1	3.0
 Tim  Bevan 	2.309523809523809	 William  Nicholson 	1.5	 ['  Les  Miserables  ',  '  Elizabeth:  The  Golden  Age  '] 	2	3.0
 Tim  Bevan 	2.309523809523809	 Michael  Hirst 	3.0	 ['Elizabeth',  '  Elizabeth:  The  Golden  Age  '] 	2	3.0
 Tim  Bevan 	2.309523809523809	 Shekhar  Kapur 	3.0	 ['Elizabeth',  '  Elizabeth:  The  Golden  Age  '] 	2	3.0
 Tim  Bevan 	2.309523809523809	 Jane  Frazer 	2.6	 ['Atonement',  '  Pride  and  Prejudice  '] 	2	3.0
 Tim  Bevan 	2.309523809523809	 Michael  London 	1.9	['Thirteen']	1	3.0
 Tim  Bevan 	2.309523809523809	 Alison  Owen 	2.7	 ['  Shaun  of  the  Dead  ',  'Elizabeth'] 	2	3.0
 Tim  Bevan 	2.309523809523809	 Richard  Eyre 	3.0	['Atonement']	1	3.0
 Tim  Bevan 	2.309523809523809	 Robert  Fox 	3.0	['Atonement']	1	3.0
 Tim  Bevan 	2.309523809523809	 Ian  McEwan 	3.0	['Atonement']	1	3.0
 Liza  Chasin 	2.5714285714285716	 Steve  Golin 	2.2666666666666666	 ['  Big  Miracle  '] 	1	3.0
 Liza  Chasin 	2.5714285714285716	 Christopher  Hampton 	2.75	['Atonement']	1	3.0
 Liza  Chasin 	2.5714285714285716	 William  Nicholson 	1.5	 ['  Les  Miserables  ',  '  Elizabeth:  The  Golden  Age  '] 	2	3.0
 Liza  Chasin 	2.5714285714285716	 Michael  Hirst 	3.0	 ['Elizabeth',  '  Elizabeth:  The  Golden  Age  '] 	2	3.0
 Liza  Chasin 	2.5714285714285716	 Shekhar  Kapur 	3.0	 ['Elizabeth',  '  Elizabeth:  The  Golden  Age  '] 	2	3.0
 Liza  Chasin 	2.5714285714285716	 Jane  Frazer 	2.6	 ['Atonement',  '  Pride  and  Prejudice  '] 	2	3.0
 Liza  Chasin 	2.5714285714285716	 Michael  London 	1.9	['Thirteen']	1	3.0
 Liza  Chasin 	2.5714285714285716	 Alison  Owen 	2.7	['Elizabeth']	1	3.0
 Liza  Chasin 	2.5714285714285716	 Richard  Eyre 	3.0	['Atonement']	1	3.0
 Liza  Chasin 	2.5714285714285716	 Robert  Fox 	3.0	['Atonement']	1	3.0
 Liza  Chasin 	2.5714285714285716	 Ian  McEwan 	3.0	['Atonement']	1	3.0
 Eric  Fellner 	2.3170731707317076	 Steve  Golin 	2.2666666666666666	 ['  Big  Miracle  '] 	1	3.0
 Eric  Fellner 	2.3170731707317076	 Christopher  Hampton 	2.75	['Atonement']	1	3.0
 Eric  Fellner 	2.3170731707317076	 William  Nicholson 	1.5	 ['  Les  Miserables  ',  '  Elizabeth:  The  Golden  Age  '] 	2	3.0
 Eric  Fellner 	2.3170731707317076	 Michael  Hirst 	3.0	 ['Elizabeth',  '  Elizabeth:  The  Golden  Age  '] 	2	3.0
 Eric  Fellner 	2.3170731707317076	 Shekhar  Kapur 	3.0	 ['Elizabeth',  '  Elizabeth:  The  Golden  Age  '] 	2	3.0
 Eric  Fellner 	2.3170731707317076	 Jane  Frazer 	2.6	 ['Atonement',  '  Pride  and  Prejudice  '] 	2	3.0
 Eric  Fellner 	2.3170731707317076	 Michael  London 	1.9	['Thirteen']	1	3.0
 Eric  Fellner 	2.3170731707317076	 Alison  Owen 	2.7	 ['  Shaun  of  the  Dead  ',  'Elizabeth'] 	2	3.0
 Eric  Fellner 	2.3170731707317076	 Richard  Eyre 	3.0	['Atonement']	1	3.0
 Eric  Fellner 	2.3170731707317076	 Robert  Fox 	3.0	['Atonement']	1	3.0
 Eric  Fellner 	2.3170731707317076	 Ian  McEwan 	3.0	['Atonement']	1	3.0
 Dede  Gardner 	2.272727272727273	 Christian  Colson 	2.1666666666666665	['Selma']	1	3.0
 Dede  Gardner 	2.272727272727273	 Cameron  McCracken 	2.2222222222222223	['Selma']	1	3.0
 Dede  Gardner 	2.272727272727273	 Graham  King 	1.6842105263157894	 ['  World  War  Z  '] 	1	3.0
 Dede  Gardner 	2.272727272727273	 Tim  Headington 	1.9090909090909092	 ['  World  War  Z  '] 	1	3.0
 Dede  Gardner 	2.272727272727273	 Nan  Morales 	2.111111111111111	 ['Selma',  '  Year  of  the  dog  '] 	2	3.0
 Dede  Gardner 	2.272727272727273	 Ava  DuVernay 	3.0	['Selma']	1	3.0
 Dede  Gardner 	2.272727272727273	 Oprah  Winfrey 	3.0	['Selma']	1	3.0
 Dede  Gardner 	2.272727272727273	 Mark  Bakshi 	1.8	 ['  World  War  Z  '] 	1	3.0
 Dede  Gardner 	2.272727272727273	 Paul  Webb 	3	['Selma']	1	3.0
 Dede  Gardner 	2.272727272727273	 Nik  Bower 	3.0	['Selma']	1	3.0
 Dede  Gardner 	2.272727272727273	 Paul  Garnes 	3	['Selma']	1	3.0
 Dede  Gardner 	2.272727272727273	 Diarmuid  McKeown 	3	['Selma']	1	3.0
 Jeremy  Kleiner 	2.4285714285714284	 Christian  Colson 	2.1666666666666665	['Selma']	1	3.0
 Jeremy  Kleiner 	2.4285714285714284	 Cameron  McCracken 	2.2222222222222223	['Selma']	1	3.0
 Jeremy  Kleiner 	2.4285714285714284	 Graham  King 	1.6842105263157894	 ['  World  War  Z  '] 	1	3.0
 Jeremy  Kleiner 	2.4285714285714284	 Tim  Headington 	1.9090909090909092	 ['  World  War  Z  '] 	1	3.0
 Jeremy  Kleiner 	2.4285714285714284	 Nan  Morales 	2.111111111111111	['Selma']	1	3.0
 Jeremy  Kleiner 	2.4285714285714284	 Ava  DuVernay 	3.0	['Selma']	1	3.0
 Jeremy  Kleiner 	2.4285714285714284	 Oprah  Winfrey 	3.0	['Selma']	1	3.0
 Jeremy  Kleiner 	2.4285714285714284	 Mark  Bakshi 	1.8	 ['  World  War  Z  '] 	1	3.0
 Jeremy  Kleiner 	2.4285714285714284	 Paul  Webb 	3	['Selma']	1	3.0
 Jeremy  Kleiner 	2.4285714285714284	 Nik  Bower 	3.0	['Selma']	1	3.0
 Jeremy  Kleiner 	2.4285714285714284	 Paul  Garnes 	3	['Selma']	1	3.0
 Jeremy  Kleiner 	2.4285714285714284	 Diarmuid  McKeown 	3	['Selma']	1	3.0
 Brad  Pitt 	2.0000000000000004	 Christian  Colson 	2.1666666666666665	['Selma']	1	3.0
 Brad  Pitt 	2.0000000000000004	 Cameron  McCracken 	2.2222222222222223	['Selma']	1	3.0
 Brad  Pitt 	2.0000000000000004	 Tim  Headington 	1.9090909090909092	 ['  World  War  Z  '] 	1	3.0
 Brad  Pitt 	2.0000000000000004	 Nan  Morales 	2.111111111111111	 ['Selma',  '  Year  of  the  dog  '] 	2	3.0
 Brad  Pitt 	2.0000000000000004	 Ava  DuVernay 	3.0	['Selma']	1	3.0
 Brad  Pitt 	2.0000000000000004	 Oprah  Winfrey 	3.0	['Selma']	1	3.0
 Brad  Pitt 	2.0000000000000004	 Paul  Webb 	3	['Selma']	1	3.0
 Brad  Pitt 	2.0000000000000004	 Nik  Bower 	3.0	['Selma']	1	3.0
 Brad  Pitt 	2.0000000000000004	 Paul  Garnes 	3	['Selma']	1	3.0
 Brad  Pitt 	2.0000000000000004	 Diarmuid  McKeown 	3	['Selma']	1	3.0
 Georgia  Kacandes 	2.6	 Douglas  Wick 	2.230769230769231	 ['"  Girl,  Interrupted  "'] 	1	3.0
 Georgia  Kacandes 	2.6	 Charles  Newirth 	2.5454545454545454	['Hugo']	1	3.0
 Georgia  Kacandes 	2.6	 Graham  King 	1.6842105263157894	['Hugo']	1	3.0
 Georgia  Kacandes 	2.6	 Adam  Somner 	1.875	 ['  The  Wolf  of  Wall  Street  '] 	1	3.0
 Georgia  Kacandes 	2.6	 Christi  Dembrowski 	2.0	['Hugo']	1	3.0
 Georgia  Kacandes 	2.6	 Johnny  Depp 	1.8	['Hugo']	1	3.0
 Georgia  Kacandes 	2.6	 Tim  Headington 	1.9090909090909092	['Hugo']	1	3.0
 Georgia  Kacandes 	2.6	 Martin  Scorsese 	2.066666666666667	 ['Hugo',  '  The  Wolf  of  Wall  Street  '] 	2	3.0
 Georgia  Kacandes 	2.6	 David  Crockett 	2.7142857142857144	['Hugo']	1	3.0
 Georgia  Kacandes 	2.6	 Emma  Tillinger  Koskoff 	2.3333333333333335	 ['Hugo',  '  The  Wolf  of  Wall  Street  '] 	2	3.0
 Georgia  Kacandes 	2.6	 John  Logan 	1.3	['Hugo']	1	3.0
 Georgia  Kacandes 	2.6	 Barbara  De  Fina 	2.5	['Hugo']	1	3.0
 Georgia  Kacandes 	2.6	 Brian  Selznick 	3	['Hugo']	1	3.0
 Douglas  Wick 	2.230769230769231	 Stephen  Jones 	1.6666666666666667	 ['  Peter  Pan  '] 	1	3.0
 Douglas  Wick 	2.230769230769231	 Charles  Newirth 	2.5454545454545454	 ['  Peter  Pan  '] 	1	3.0
 Douglas  Wick 	2.230769230769231	 Steven  Spielberg 	1.76	 ['  Memoirs  of  a  Geisha  '] 	1	3.0
 Douglas  Wick 	2.230769230769231	 Rob  Marshall 	2.4285714285714284	 ['  Memoirs  of  a  Geisha  '] 	1	3.0
 George  Clooney 	1.2857142857142858	 Chris  Brigham 	1.875	['Argo']	1	3.0
 George  Clooney 	1.2857142857142858	 Graham  King 	1.6842105263157894	['Argo']	1	3.0
 George  Clooney 	1.2857142857142858	 Tim  Headington 	1.9090909090909092	['Argo']	1	3.0
 George  Clooney 	1.2857142857142858	 Ben  Affleck 	2.0	['Argo']	1	3.0
 George  Clooney 	1.2857142857142858	 Chay  Carter 	2.3333333333333335	['Argo']	1	3.0
 George  Clooney 	1.2857142857142858	 David  Klawans 	1.5	['Argo']	1	3.0
 George  Clooney 	1.2857142857142858	 Amy  Herman 	2.3333333333333335	['Argo']	1	3.0
 George  Clooney 	1.2857142857142858	 Joshuah  Bearman 	2.0	['Argo']	1	3.0
 George  Clooney 	1.2857142857142858	 Chris  Terrio 	3	['Argo']	1	3.0
 George  Clooney 	1.2857142857142858	 Tony  Mendez 	3	['Argo']	1	3.0
 Grant  Heslov 	1.1666666666666667	 Ethan  Coen 	1.8333333333333333	 ['  Intolerable  Cruelty  '] 	1	3.0
 Grant  Heslov 	1.1666666666666667	 Joel  Coen 	1.8333333333333333	 ['  Intolerable  Cruelty  '] 	1	3.0
 Grant  Heslov 	1.1666666666666667	 Brian  Grazer 	2.074074074074074	 ['  Intolerable  Cruelty  '] 	1	3.0
 Grant  Heslov 	1.1666666666666667	 Chris  Brigham 	1.875	['Argo']	1	3.0
 Grant  Heslov 	1.1666666666666667	 Graham  King 	1.6842105263157894	['Argo']	1	3.0
 Grant  Heslov 	1.1666666666666667	 Tim  Headington 	1.9090909090909092	['Argo']	1	3.0
 Grant  Heslov 	1.1666666666666667	 Ben  Affleck 	2.0	['Argo']	1	3.0
 Grant  Heslov 	1.1666666666666667	 Chay  Carter 	2.3333333333333335	['Argo']	1	3.0
 Grant  Heslov 	1.1666666666666667	 David  Klawans 	1.5	['Argo']	1	3.0
 Grant  Heslov 	1.1666666666666667	 Amy  Herman 	2.3333333333333335	['Argo']	1	3.0
 Grant  Heslov 	1.1666666666666667	 Joshuah  Bearman 	2.0	['Argo']	1	3.0
 Grant  Heslov 	1.1666666666666667	 Chris  Terrio 	3	['Argo']	1	3.0
 Grant  Heslov 	1.1666666666666667	 Tony  Mendez 	3	['Argo']	1	3.0
 Barbara  A.  Hall 	1.3	 Lianne  Halfon 	3.0	 ['  Art  School  Confidential  '] 	1	3.0
 Barbara  A.  Hall 	1.3	 Russell  Smith 	2.75	 ['  Art  School  Confidential  '] 	1	3.0
 Barbara  A.  Hall 	1.3	 Joe  Wright 	2.0	['Hanna']	1	3.0
 Barbara  A.  Hall 	1.3	 John  Malkovich 	3.0	 ['  Art  School  Confidential  '] 	1	3.0
 Jeff  Skoll 	2.285714285714286	 Richard  Linklater 	2.0588235294117645	 ['  Fast  Food  Nation  '] 	1	3.0
 Jeff  Skoll 	2.285714285714286	 Kathleen  Kennedy 	2.0000000000000004	['Lincoln']	1	3.0
 Jeff  Skoll 	2.285714285714286	 Aaron  Sorkin 	2.2	 ["  Charlie  Wilson's  War  "] 	1	3.0
 Jeff  Skoll 	2.285714285714286	 Tom  McCarthy 	2.5555555555555554	 ['  The  Visitor  '] 	1	3.0
 Jeff  Skoll 	2.285714285714286	 Oprah  Winfrey 	3.0	 ['  The  Hundred-Foot  Journey  '] 	1	3.0
 Jeff  Skoll 	2.285714285714286	 Tony  Kushner 	2.0	['Lincoln']	1	3.0
 Jeff  Skoll 	2.285714285714286	 Doris  Kearns  Goodwin 	3	['Lincoln']	1	3.0
 Sidney  Kimmel 	2.11764705882353	 Spike  Jonze 	2.0	 ['"  Synecdoche,  New  York  "'] 	1	3.0
 Sidney  Kimmel 	2.11764705882353	 Steve  Golin 	2.2666666666666666	 ['  The  Age  of  Adaline  '] 	1	3.0
 Sidney  Kimmel 	2.11764705882353	 Taylor  Hackford 	3.0	['Parker']	1	3.0
 Sidney  Kimmel 	2.11764705882353	 Brad  Van  Arragon 	2.8333333333333335	 ['  The  Age  of  Adaline  '] 	1	3.0
 Helen  Estabrook 	2.3333333333333335	 Lianne  Halfon 	3.0	 ['  Young  Adult  ',  '"  Jeff,  Who  Lives  at  Home  "'] 	2	3.0
 Helen  Estabrook 	2.3333333333333335	 Russell  Smith 	2.75	 ['  Young  Adult  ',  '"  Jeff,  Who  Lives  at  Home  "'] 	2	3.0
 Helen  Estabrook 	2.3333333333333335	 Nathan  Kahane 	2.3846153846153855	 ['  Young  Adult  '] 	1	3.0
 Helen  Estabrook 	2.3333333333333335	 Mason  Novick 	2.375	 ['  Young  Adult  '] 	1	3.0
 Helen  Estabrook 	2.3333333333333335	 Kelli  Konop 	2.5384615384615383	 ['  Young  Adult  '] 	1	3.0
 Helen  Estabrook 	2.3333333333333335	 John  Malkovich 	3.0	 ['  Young  Adult  '] 	1	3.0
 Helen  Estabrook 	2.3333333333333335	 Diablo  Cody 	3.0	 ['  Young  Adult  '] 	1	3.0
 Lianne  Halfon 	3.0	 Jason  Reitman 	2.230769230769231	 ['  Young  Adult  ',  '"  Jeff,  Who  Lives  at  Home  "',  'Juno'] 	3	3.0
 Lianne  Halfon 	3.0	 Russell  Smith 	2.75	 ['  Cesar  Chavez  ',  '  Young  Adult  ',  '  The  Perks  of  Being  a  Wallflower  ',  '  Art  School  Confidential  ',  '"  Jeff,  Who  Lives  at  Home  "',  'Juno',  '  Ghost  World  '] 	7	3.0
 Lianne  Halfon 	3.0	 Joseph  Drake 	2.5238095238095237	['Juno']	1	3.0
 Lianne  Halfon 	3.0	 Nathan  Kahane 	2.3846153846153855	 ['  Young  Adult  ',  'Juno'] 	2	3.0
 Lianne  Halfon 	3.0	 Mason  Novick 	2.375	 ['  Young  Adult  ',  'Juno'] 	2	3.0
 Lianne  Halfon 	3.0	 Kelli  Konop 	2.5384615384615383	 ['  Young  Adult  ',  'Juno'] 	2	3.0
 Lianne  Halfon 	3.0	 John  Malkovich 	3.0	 ['  Cesar  Chavez  ',  '  Young  Adult  ',  '  The  Perks  of  Being  a  Wallflower  ',  '  Art  School  Confidential  ',  'Juno',  '  Ghost  World  '] 	6	3.0
 Lianne  Halfon 	3.0	 Brad  Van  Arragon 	2.8333333333333335	['Juno']	1	3.0
 Lianne  Halfon 	3.0	 Diablo  Cody 	3.0	 ['  Young  Adult  ',  'Juno'] 	2	3.0
 Lianne  Halfon 	3.0	 Daniel  Dubiecki 	2.3333333333333335	['Juno']	1	3.0
 Lianne  Halfon 	3.0	 Jim  Miller 	3.0	['Juno']	1	3.0
 Jason  Reitman 	2.230769230769231	 Russell  Smith 	2.75	 ['  Young  Adult  ',  '"  Jeff,  Who  Lives  at  Home  "',  'Juno'] 	3	3.0
 Jason  Reitman 	2.230769230769231	 Joseph  Drake 	2.5238095238095237	['Juno']	1	3.0
 Jason  Reitman 	2.230769230769231	 Nathan  Kahane 	2.3846153846153855	 ['  Young  Adult  ',  'Juno'] 	2	3.0
 Jason  Reitman 	2.230769230769231	 Mason  Novick 	2.375	 ['  Young  Adult  ',  "  Jennifer's  Body  ",  'Juno'] 	3	3.0
 Jason  Reitman 	2.230769230769231	 Kelli  Konop 	2.5384615384615383	 ['  Young  Adult  ',  'Juno'] 	2	3.0
 Jason  Reitman 	2.230769230769231	 John  Malkovich 	3.0	 ['  Young  Adult  ',  'Juno'] 	2	3.0
 Jason  Reitman 	2.230769230769231	 Brad  Van  Arragon 	2.8333333333333335	 ["  Jennifer's  Body  ",  'Juno'] 	2	3.0
 Jason  Reitman 	2.230769230769231	 Diablo  Cody 	3.0	 ['  Young  Adult  ',  "  Jennifer's  Body  ",  'Juno'] 	3	3.0
 Jason  Reitman 	2.230769230769231	 Jim  Miller 	3.0	['Juno']	1	3.0
 Russell  Smith 	2.75	 Joseph  Drake 	2.5238095238095237	['Juno']	1	3.0
 Russell  Smith 	2.75	 Nathan  Kahane 	2.3846153846153855	 ['  Young  Adult  ',  'Juno'] 	2	3.0
 Russell  Smith 	2.75	 Mason  Novick 	2.375	 ['  Young  Adult  ',  'Juno'] 	2	3.0
 Russell  Smith 	2.75	 Kelli  Konop 	2.5384615384615383	 ['  Young  Adult  ',  'Juno'] 	2	3.0
 Russell  Smith 	2.75	 John  Malkovich 	3.0	 ['  Cesar  Chavez  ',  '  Young  Adult  ',  '  The  Perks  of  Being  a  Wallflower  ',  '  Art  School  Confidential  ',  'Juno',  '  Ghost  World  '] 	6	3.0
 Russell  Smith 	2.75	 Brad  Van  Arragon 	2.8333333333333335	['Juno']	1	3.0
 Russell  Smith 	2.75	 Diablo  Cody 	3.0	 ['  Young  Adult  ',  'Juno'] 	2	3.0
 Russell  Smith 	2.75	 Daniel  Dubiecki 	2.3333333333333335	['Juno']	1	3.0
 Russell  Smith 	2.75	 Jim  Miller 	3.0	['Juno']	1	3.0
 Alexander  Payne 	2.4375	 Bob  Yari 	2.5	 ['  Gray  Matters  '] 	1	3.0
 Alexander  Payne 	2.4375	 Doug  Mankoff 	3.0	['Nebraska']	1	3.0
 Alexander  Payne 	2.4375	 Albert  Berger 	2.875	 ['Nebraska',  'Election'] 	2	3.0
 Alexander  Payne 	2.4375	 Ron  Yerxa 	2.875	 ['Nebraska',  'Election'] 	2	3.0
 Alexander  Payne 	2.4375	 Bob  Nelson 	3	['Nebraska']	1	3.0
 Alexander  Payne 	2.4375	 Neil  Tabatznik 	3	['Nebraska']	1	3.0
 Alexander  Payne 	2.4375	 Julie  M.  Thompson 	3	['Nebraska']	1	3.0
 Alexander  Payne 	2.4375	 Rex  Pickett 	3	['Sideways']	1	3.0
 Jim  Taylor 	2.375	 George  Parra 	2.7142857142857144	 ['  The  Descendants  ',  'Sideways'] 	2	3.0
 Jim  Taylor 	2.375	 Albert  Berger 	2.875	['Election']	1	3.0
 Jim  Taylor 	2.375	 Ron  Yerxa 	2.875	['Election']	1	3.0
 Jim  Taylor 	2.375	 Michael  London 	1.9	['Sideways']	1	3.0
 Jim  Taylor 	2.375	 Rex  Pickett 	3	['Sideways']	1	3.0
 Andrew  Stanton 	1.7777777777777777	 Colin  Wilson 	2.0	 ['  John  Carter  '] 	1	3.0
 Ethan  Coen 	1.8333333333333333	 Brian  Grazer 	2.074074074074074	 ['  Intolerable  Cruelty  '] 	1	3.0
 Ethan  Coen 	1.8333333333333333	 Megan  Ellison 	1.8181818181818181	 ['  True  Grit  '] 	1	3.0
 Joel  Coen 	1.8333333333333333	 Brian  Grazer 	2.074074074074074	 ['  Intolerable  Cruelty  '] 	1	3.0
 Joel  Coen 	1.8333333333333333	 Megan  Ellison 	1.8181818181818181	 ['  True  Grit  '] 	1	3.0
 William  Horberg 	2.2666666666666666	 Spike  Jonze 	2.0	 ['"  Synecdoche,  New  York  "'] 	1	3.0
 William  Horberg 	2.2666666666666666	 Stephen  Jones 	1.6666666666666667	 ["  Don't  Be  Afraid  of  the  Dark  "] 	1	3.0
 William  Horberg 	2.2666666666666666	 Albert  Berger 	2.875	 ['  Cold  Mountain  '] 	1	3.0
 William  Horberg 	2.2666666666666666	 Ron  Yerxa 	2.875	 ['  Cold  Mountain  '] 	1	3.0
 Spike  Jonze 	2.0	 Steve  Golin 	2.2666666666666666	 ['  Being  John  Malkovich  '] 	1	3.0
 Bruce  Cohen 	2.3333333333333335	 Walter  F.  Parkes 	1.8	 ['"  To  Wong  Foo,  Thanks  for  Everything!  Julie  Newmar  "'] 	1	3.0
 Bruce  Cohen 	2.3333333333333335	 George  Parra 	2.7142857142857144	 ['  Silver  Linings  Playbook  '] 	1	3.0
 Walter  F.  Parkes 	1.8	 Guillermo  Arriaga 	3.0	 ['  The  Burning  Plain  '] 	1	3.0
 Walter  F.  Parkes 	1.8	 Scott  Rudin 	2.3333333333333335	 ["  Lemony  Snicket's  A  Series  of  Unfortunate  Events  "] 	1	3.0
 Christian  Colson 	2.1666666666666665	 Scott  Rudin 	2.3333333333333335	 ['  Steve  Jobs  '] 	1	3.0
 Christian  Colson 	2.1666666666666665	 Aaron  Sorkin 	2.2	 ['  Steve  Jobs  '] 	1	3.0
 Christian  Colson 	2.1666666666666665	 Nan  Morales 	2.111111111111111	['Selma']	1	3.0
 Christian  Colson 	2.1666666666666665	 Ava  DuVernay 	3.0	['Selma']	1	3.0
 Christian  Colson 	2.1666666666666665	 Oprah  Winfrey 	3.0	['Selma']	1	3.0
 Christian  Colson 	2.1666666666666665	 Paul  Webb 	3	['Selma']	1	3.0
 Christian  Colson 	2.1666666666666665	 Nik  Bower 	3.0	['Selma']	1	3.0
 Christian  Colson 	2.1666666666666665	 Paul  Garnes 	3	['Selma']	1	3.0
 Christian  Colson 	2.1666666666666665	 Diarmuid  McKeown 	3	['Selma']	1	3.0
 Cameron  McCracken 	2.2222222222222223	 Nan  Morales 	2.111111111111111	['Selma']	1	3.0
 Cameron  McCracken 	2.2222222222222223	 Ava  DuVernay 	3.0	['Selma']	1	3.0
 Cameron  McCracken 	2.2222222222222223	 Alison  Owen 	2.7	['Suffragette']	1	3.0
 Cameron  McCracken 	2.2222222222222223	 Oprah  Winfrey 	3.0	['Selma']	1	3.0
 Cameron  McCracken 	2.2222222222222223	 Paul  Webb 	3	['Selma']	1	3.0
 Cameron  McCracken 	2.2222222222222223	 Nik  Bower 	3.0	 ['Selma',  'Suffragette'] 	2	3.0
 Cameron  McCracken 	2.2222222222222223	 Paul  Garnes 	3	['Selma']	1	3.0
 Cameron  McCracken 	2.2222222222222223	 Diarmuid  McKeown 	3	['Selma']	1	3.0
 Guillermo  Arriaga 	3.0	 Alejandro  Gonzalez  Inarritu 	3.0	 ['Babel',  '  21  grams  '] 	2	3.0
 Guillermo  Arriaga 	3.0	 Jon  Kilik 	2.2142857142857144	['Babel']	1	3.0
 Guillermo  Arriaga 	3.0	 Steve  Golin 	2.2666666666666666	['Babel']	1	3.0
 Guillermo  Arriaga 	3.0	 Ann  Ruark 	2.4285714285714284	['Babel']	1	3.0
 Guillermo  Arriaga 	3.0	 Laurie  MacDonald 	1.875	 ['  The  Burning  Plain  '] 	1	3.0
 Alejandro  Gonzalez  Inarritu 	3.0	 Jon  Kilik 	2.2142857142857144	['Babel']	1	3.0
 Alejandro  Gonzalez  Inarritu 	3.0	 Steve  Golin 	2.2666666666666666	['Babel']	1	3.0
 Alejandro  Gonzalez  Inarritu 	3.0	 Ann  Ruark 	2.4285714285714284	['Babel']	1	3.0
 Jon  Kilik 	2.2142857142857144	 Joseph  Drake 	2.5238095238095237	 ['  The  Hunger  Games:  Catching  Fire  '] 	1	3.0
 Jon  Kilik 	2.2142857142857144	 Steve  Golin 	2.2666666666666666	['Babel']	1	3.0
 Jon  Kilik 	2.2142857142857144	 Brian  Grazer 	2.074074074074074	 ['  Inside  Man  '] 	1	3.0
 Jon  Kilik 	2.2142857142857144	 Karen  Kehela  Sherwood 	2.111111111111111	 ['  Inside  Man  '] 	1	3.0
 Jon  Kilik 	2.2142857142857144	 Ann  Ruark 	2.4285714285714284	 ['Babel',  '  Broken  Flowers  '] 	2	3.0
 Joseph  Drake 	2.5238095238095237	 Mason  Novick 	2.375	['Juno']	1	3.0
 Joseph  Drake 	2.5238095238095237	 Kelli  Konop 	2.5384615384615383	 ['  The  Strangers  ',  "  Nick  and  Norah's  Infinite  Playlist  ",  '  The  Messengers  ',  'Juno',  '  The  Possession  ',  'Passengers',  '  Whip  It  '] 	7	3.0
 Joseph  Drake 	2.5238095238095237	 John  Malkovich 	3.0	['Juno']	1	3.0
 Joseph  Drake 	2.5238095238095237	 Barry  Mendel 	2.3846153846153846	 ['  Whip  It  '] 	1	3.0
 Joseph  Drake 	2.5238095238095237	 Brad  Van  Arragon 	2.8333333333333335	['Juno']	1	3.0
 Joseph  Drake 	2.5238095238095237	 Diablo  Cody 	3.0	['Juno']	1	3.0
 Joseph  Drake 	2.5238095238095237	 Daniel  Dubiecki 	2.3333333333333335	['Juno']	1	3.0
 Joseph  Drake 	2.5238095238095237	 Jim  Miller 	3.0	 ['  Stranger  Than  Fiction  ',  '  The  Messengers  ',  'Juno'] 	3	3.0
 Nathan  Kahane 	2.3846153846153855	 Mason  Novick 	2.375	 ['  Young  Adult  ',  'Juno'] 	2	3.0
 Nathan  Kahane 	2.3846153846153855	 John  Malkovich 	3.0	 ['  Young  Adult  ',  'Juno'] 	2	3.0
 Nathan  Kahane 	2.3846153846153855	 Barry  Mendel 	2.3846153846153846	 ['  Whip  It  '] 	1	3.0
 Nathan  Kahane 	2.3846153846153855	 Brad  Van  Arragon 	2.8333333333333335	['Juno']	1	3.0
 Nathan  Kahane 	2.3846153846153855	 Diablo  Cody 	3.0	 ['  Young  Adult  ',  'Juno'] 	2	3.0
 Nathan  Kahane 	2.3846153846153855	 Daniel  Dubiecki 	2.3333333333333335	['Juno']	1	3.0
 Nathan  Kahane 	2.3846153846153855	 Jim  Miller 	3.0	 ['  Stranger  Than  Fiction  ',  '  The  Messengers  ',  'Juno'] 	3	3.0
 Stephen  Jones 	1.6666666666666667	 Charles  Newirth 	2.5454545454545454	 ['  Peter  Pan  '] 	1	3.0
 Steve  Golin 	2.2666666666666666	 Ann  Ruark 	2.4285714285714284	['Babel']	1	3.0
 Steve  Golin 	2.2666666666666666	 Vincent  Landay 	2.25	 ['  Being  John  Malkovich  '] 	1	3.0
 Steve  Golin 	2.2666666666666666	 Brad  Van  Arragon 	2.8333333333333335	 ['  The  Age  of  Adaline  '] 	1	3.0
 Daniel  Lupi 	1.4666666666666663	 Kathleen  Kennedy 	2.0000000000000004	['Lincoln']	1	3.0
 Daniel  Lupi 	1.4666666666666663	 Tony  Kushner 	2.0	['Lincoln']	1	3.0
 Daniel  Lupi 	1.4666666666666663	 Doris  Kearns  Goodwin 	3	['Lincoln']	1	3.0
 Mason  Novick 	2.375	 Kelli  Konop 	2.5384615384615383	 ['  Young  Adult  ',  'Juno'] 	2	3.0
 Mason  Novick 	2.375	 John  Malkovich 	3.0	 ['  Young  Adult  ',  'Juno'] 	2	3.0
 Mason  Novick 	2.375	 Brad  Van  Arragon 	2.8333333333333335	 ["  Jennifer's  Body  ",  'Juno'] 	2	3.0
 Mason  Novick 	2.375	 Diablo  Cody 	3.0	 ['  Young  Adult  ',  '  Ricki  and  the  Flash  ',  "  Jennifer's  Body  ",  'Juno'] 	4	3.0
 Mason  Novick 	2.375	 Daniel  Dubiecki 	2.3333333333333335	 ["  Jennifer's  Body  ",  'Juno'] 	2	3.0
 Mason  Novick 	2.375	 Jim  Miller 	3.0	['Juno']	1	3.0
 Brian  Grazer 	2.074074074074074	 Ridley  Scott 	2.0	 ['  Robin  Hood  '] 	1	3.0
 Brian  Grazer 	2.074074074074074	 Gus  Van  Sant 	1.6	['Restless']	1	3.0
 Ron  Howard 	1.5714285714285714	 Gus  Van  Sant 	1.6	['Restless']	1	3.0
 Christopher  Hampton 	2.75	 Joe  Wright 	2.0	['Atonement']	1	3.0
 Christopher  Hampton 	2.75	 Paul  Webster 	2.4444444444444446	['Atonement']	1	3.0
 Christopher  Hampton 	2.75	 Debra  Hayward 	2.529411764705882	['Atonement']	1	3.0
 Christopher  Hampton 	2.75	 Jane  Frazer 	2.6	['Atonement']	1	3.0
 Christopher  Hampton 	2.75	 Richard  Eyre 	3.0	['Atonement']	1	3.0
 Christopher  Hampton 	2.75	 Robert  Fox 	3.0	['Atonement']	1	3.0
 Christopher  Hampton 	2.75	 Ian  McEwan 	3.0	['Atonement']	1	3.0
 Ann  Ruark 	2.4285714285714284	 Scott  Rudin 	2.3333333333333335	 ['  Revolutionary  Road  '] 	1	3.0
 Ann  Ruark 	2.4285714285714284	 Nina  Wolarsky 	2.5	 ['  Revolutionary  Road  '] 	1	3.0
 John  Sloss 	2.1875000000000004	 Vincent  Palmo  Jr 	3.0	 ['Boyhood',  '  Before  Midnight  '] 	2	3.0
 John  Sloss 	2.1875000000000004	 Sandra  Adair 	3	['Boyhood']	1	3.0
 John  Sloss 	2.1875000000000004	 Kirsten  McMurray 	3	['Boyhood']	1	3.0
 John  Sloss 	2.1875000000000004	 Cathleen  Sutherland 	3	['Boyhood']	1	3.0
 David  Lancaster 	2.6	 Bob  Yari 	2.5	 ['  A  Love  Song  for  Bobby  Long  '] 	1	3.0
 David  Lancaster 	2.6	 Betsy  Danbury 	2.3333333333333335	['Nightcrawler']	1	3.0
 Bob  Yari 	2.5	 Paul  Haggis 	2.3333333333333335	['Crash']	1	3.0
 Bob  Yari 	2.5	 Mark  R.  Harris 	1.5	['Crash']	1	3.0
 Bob  Yari 	2.5	 Robert  Moresco 	3.0	['Crash']	1	3.0
 Bob  Yari 	2.5	 William  J.  Immerman 	3.0	 ['  Nothing  But  the  Truth  '] 	1	3.0
 Bob  Yari 	2.5	 Betsy  Danbury 	2.3333333333333335	['Crash']	1	3.0
 Bob  Yari 	2.5	 Don  Cheadle 	3.0	['Crash']	1	3.0
 Bob  Yari 	2.5	 Marina  Grasic 	3.0	['Crash']	1	3.0
 Bob  Yari 	2.5	 Jan  Korbelin 	3.0	['Crash']	1	3.0
 Bob  Yari 	2.5	 Sarah  Finn 	3	['Crash']	1	3.0
 Bob  Yari 	2.5	 Randi  Hiller 	3	['Crash']	1	3.0
 Bob  Yari 	2.5	 Andrew  Reimer 	3	['Crash']	1	3.0
 Jonathan  King 	2.230769230769231	 Kathleen  Kennedy 	2.0000000000000004	['Lincoln']	1	3.0
 Jonathan  King 	2.230769230769231	 Oprah  Winfrey 	3.0	 ['  The  Hundred-Foot  Journey  '] 	1	3.0
 Jonathan  King 	2.230769230769231	 Tony  Kushner 	2.0	['Lincoln']	1	3.0
 Jonathan  King 	2.230769230769231	 Doris  Kearns  Goodwin 	3	['Lincoln']	1	3.0
 Richard  Linklater 	2.0588235294117645	 Vincent  Palmo  Jr 	3.0	 ['Boyhood',  '  Before  Midnight  '] 	2	3.0
 Richard  Linklater 	2.0588235294117645	 Jonathan  Sehring 	2.909090909090909	 ['Boyhood',  '  Waking  Life  '] 	2	3.0
 Richard  Linklater 	2.0588235294117645	 Scott  Rudin 	2.3333333333333335	 ['  The  School  of  Rock  '] 	1	3.0
 Richard  Linklater 	2.0588235294117645	 Sandra  Adair 	3	['Boyhood']	1	3.0
 Richard  Linklater 	2.0588235294117645	 Kirsten  McMurray 	3	['Boyhood']	1	3.0
 Richard  Linklater 	2.0588235294117645	 Cathleen  Sutherland 	3	['Boyhood']	1	3.0
 Kelli  Konop 	2.5384615384615383	 John  Malkovich 	3.0	 ['  Young  Adult  ',  'Juno'] 	2	3.0
 Kelli  Konop 	2.5384615384615383	 Barry  Mendel 	2.3846153846153846	 ['  Whip  It  '] 	1	3.0
 Kelli  Konop 	2.5384615384615383	 Brad  Van  Arragon 	2.8333333333333335	['Juno']	1	3.0
 Kelli  Konop 	2.5384615384615383	 Diablo  Cody 	3.0	 ['  Young  Adult  ',  'Juno'] 	2	3.0
 Kelli  Konop 	2.5384615384615383	 Daniel  Dubiecki 	2.3333333333333335	['Juno']	1	3.0
 Kelli  Konop 	2.5384615384615383	 Jim  Miller 	3.0	 ['  The  Messengers  ',  'Juno'] 	2	3.0
 Charles  Newirth 	2.5454545454545454	 Graham  King 	1.6842105263157894	['Hugo']	1	3.0
 Charles  Newirth 	2.5454545454545454	 Aaron  Sorkin 	2.2	 ['  The  American  President  '] 	1	3.0
 Charles  Newirth 	2.5454545454545454	 Christi  Dembrowski 	2.0	['Hugo']	1	3.0
 Charles  Newirth 	2.5454545454545454	 Johnny  Depp 	1.8	['Hugo']	1	3.0
 Charles  Newirth 	2.5454545454545454	 Tim  Headington 	1.9090909090909092	['Hugo']	1	3.0
 Charles  Newirth 	2.5454545454545454	 Martin  Scorsese 	2.066666666666667	['Hugo']	1	3.0
 Charles  Newirth 	2.5454545454545454	 David  Crockett 	2.7142857142857144	['Hugo']	1	3.0
 Charles  Newirth 	2.5454545454545454	 Emma  Tillinger  Koskoff 	2.3333333333333335	['Hugo']	1	3.0
 Charles  Newirth 	2.5454545454545454	 John  Logan 	1.3	['Hugo']	1	3.0
 Charles  Newirth 	2.5454545454545454	 Barbara  De  Fina 	2.5	['Hugo']	1	3.0
 Charles  Newirth 	2.5454545454545454	 Brian  Selznick 	3	['Hugo']	1	3.0
 Doug  Mankoff 	3.0	 Nick  Morton 	2.0	 ['  Afternoon  Delight  '] 	1	3.0
 Doug  Mankoff 	3.0	 George  Parra 	2.7142857142857144	['Nebraska']	1	3.0
 Doug  Mankoff 	3.0	 Albert  Berger 	2.875	['Nebraska']	1	3.0
 Doug  Mankoff 	3.0	 Ron  Yerxa 	2.875	['Nebraska']	1	3.0
 Doug  Mankoff 	3.0	 Bob  Nelson 	3	['Nebraska']	1	3.0
 Doug  Mankoff 	3.0	 Neil  Tabatznik 	3	['Nebraska']	1	3.0
 Doug  Mankoff 	3.0	 Julie  M.  Thompson 	3	['Nebraska']	1	3.0
 Nick  Morton 	2.0	 Howard  Baldwin 	3.0	['Ray']	1	3.0
 Nick  Morton 	2.0	 Karen  Elise  Baldwin 	3.0	['Ray']	1	3.0
 Nick  Morton 	2.0	 Taylor  Hackford 	3.0	['Ray']	1	3.0
 Nick  Morton 	2.0	 William  J.  Immerman 	3.0	['Ray']	1	3.0
 Nick  Morton 	2.0	 James  L.  White 	3	['Ray']	1	3.0
 Nick  Morton 	2.0	 Alise  Benjamin 	3	['Ray']	1	3.0
 Nick  Morton 	2.0	 Stuart  Benjamin 	3	['Ray']	1	3.0
 Nick  Morton 	2.0	 Jaime  Rucker  King 	3	['Ray']	1	3.0
 Nick  Morton 	2.0	 Ray  Charles  Robinson  Jr 	3	['Ray']	1	3.0
 William  Vince 	2.1666666666666665	 Caroline  Baron 	2.3333333333333335	['Capote']	1	3.0
 William  Vince 	2.1666666666666665	 Philip  Seymour  Hoffman 	2.0	['Capote']	1	3.0
 William  Vince 	2.1666666666666665	 Bruce  Davey 	2.1666666666666665	['Push']	1	3.0
 William  Vince 	2.1666666666666665	 Dan  Futterman 	2.3333333333333335	['Capote']	1	3.0
 William  Vince 	2.1666666666666665	 Gerald  Clarke 	3	['Capote']	1	3.0
 William  Vince 	2.1666666666666665	 Bennett  Miller 	1.5	['Capote']	1	3.0
 William  Vince 	2.1666666666666665	 Kerry  Rock 	3.0	 ['Capote',  'Saved!',  'Push'] 	3	3.0
 William  Vince 	2.1666666666666665	 Danny  Rosett 	3	['Capote']	1	3.0
 Megan  Ellison 	1.8181818181818181	 George  Parra 	2.7142857142857144	 ['  American  Hustle  '] 	1	3.0
 Megan  Ellison 	1.8181818181818181	 Steven  Spielberg 	1.76	 ['  True  Grit  '] 	1	3.0
 Megan  Ellison 	1.8181818181818181	 Colin  Wilson 	2.0	 ['  Zero  Dark  Thirty  '] 	1	3.0
 Megan  Ellison 	1.8181818181818181	 Scott  Rudin 	2.3333333333333335	 ['  True  Grit  '] 	1	3.0
 George  Parra 	2.7142857142857144	 Albert  Berger 	2.875	['Nebraska']	1	3.0
 George  Parra 	2.7142857142857144	 Ron  Yerxa 	2.875	['Nebraska']	1	3.0
 George  Parra 	2.7142857142857144	 Bob  Nelson 	3	['Nebraska']	1	3.0
 George  Parra 	2.7142857142857144	 Neil  Tabatznik 	3	['Nebraska']	1	3.0
 George  Parra 	2.7142857142857144	 Julie  M.  Thompson 	3	['Nebraska']	1	3.0
 George  Parra 	2.7142857142857144	 Rex  Pickett 	3	['Sideways']	1	3.0
 Peter  Morgan 	1.4285714285714286	 Scott  Rudin 	2.3333333333333335	 ['  The  Other  Boleyn  Girl  '] 	1	3.0
 Peter  Morgan 	1.4285714285714286	 Alison  Owen 	2.7	 ['  The  Other  Boleyn  Girl  '] 	1	3.0
 Chris  Brigham 	1.875	 Christopher  Nolan 	1.9565217391304348	['Inception']	1	3.0
 Chris  Brigham 	1.875	 Emma  Thomas 	1.8888888888888888	['Inception']	1	3.0
 Chris  Brigham 	1.875	 Tim  Headington 	1.9090909090909092	['Argo']	1	3.0
 Chris  Brigham 	1.875	 Ben  Affleck 	2.0	['Argo']	1	3.0
 Chris  Brigham 	1.875	 Chay  Carter 	2.3333333333333335	['Argo']	1	3.0
 Chris  Brigham 	1.875	 Nina  Wolarsky 	2.5	['Argo']	1	3.0
 Chris  Brigham 	1.875	 David  Klawans 	1.5	['Argo']	1	3.0
 Chris  Brigham 	1.875	 Jordan  Goldberg 	2.3333333333333335	['Inception']	1	3.0
 Chris  Brigham 	1.875	 Joshuah  Bearman 	2.0	['Argo']	1	3.0
 Chris  Brigham 	1.875	 Chris  Terrio 	3	['Argo']	1	3.0
 Chris  Brigham 	1.875	 Tony  Mendez 	3	['Argo']	1	3.0
 Joe  Wright 	2.0	 Debra  Hayward 	2.529411764705882	 ['Atonement',  '  Pride  and  Prejudice  '] 	2	3.0
 Joe  Wright 	2.0	 Jane  Frazer 	2.6	 ['Atonement',  '  Pride  and  Prejudice  '] 	2	3.0
 Joe  Wright 	2.0	 Richard  Eyre 	3.0	['Atonement']	1	3.0
 Joe  Wright 	2.0	 Robert  Fox 	3.0	['Atonement']	1	3.0
 Joe  Wright 	2.0	 Ian  McEwan 	3.0	['Atonement']	1	3.0
 Paul  Webster 	2.4444444444444446	 Debra  Hayward 	2.529411764705882	 ['Atonement',  '  Pride  and  Prejudice  '] 	2	3.0
 Paul  Webster 	2.4444444444444446	 Jane  Frazer 	2.6	 ['Atonement',  '  Miss  Pettigrew  Lives  for  a  Day  ',  '  Pride  and  Prejudice  '] 	3	3.0
 Paul  Webster 	2.4444444444444446	 Richard  Eyre 	3.0	['Atonement']	1	3.0
 Paul  Webster 	2.4444444444444446	 Robert  Fox 	3.0	['Atonement']	1	3.0
 Paul  Webster 	2.4444444444444446	 Ian  McEwan 	3.0	['Atonement']	1	3.0
 John  Malkovich 	3.0	 Brad  Van  Arragon 	2.8333333333333335	['Juno']	1	3.0
 John  Malkovich 	3.0	 Diablo  Cody 	3.0	 ['  Young  Adult  ',  'Juno'] 	2	3.0
 John  Malkovich 	3.0	 Daniel  Dubiecki 	2.3333333333333335	['Juno']	1	3.0
 John  Malkovich 	3.0	 Jim  Miller 	3.0	['Juno']	1	3.0
 Steven  Spielberg 	1.76	 Scott  Rudin 	2.3333333333333335	 ['  True  Grit  '] 	1	3.0
 Steven  Spielberg 	1.76	 Rob  Marshall 	2.4285714285714284	 ['  Memoirs  of  a  Geisha  '] 	1	3.0
 Steven  Spielberg 	1.76	 Oprah  Winfrey 	3.0	 ['  The  Hundred-Foot  Journey  '] 	1	3.0
 Steven  Spielberg 	1.76	 Doris  Kearns  Goodwin 	3	['Lincoln']	1	3.0
 Kathleen  Kennedy 	2.0000000000000004	 Kristie  Macosko  Krieger 	2.0	['Lincoln']	1	3.0
 Kathleen  Kennedy 	2.0000000000000004	 Laurie  MacDonald 	1.875	['Twister']	1	3.0
 Kathleen  Kennedy 	2.0000000000000004	 Doris  Kearns  Goodwin 	3	['Lincoln']	1	3.0
 Howard  Baldwin 	3.0	 Karen  Elise  Baldwin 	3.0	 ['  Atlas  Shrugged:  Part  I  ',  'Ray'] 	2	3.0
 Howard  Baldwin 	3.0	 Taylor  Hackford 	3.0	['Ray']	1	3.0
 Howard  Baldwin 	3.0	 William  J.  Immerman 	3.0	['Ray']	1	3.0
 Howard  Baldwin 	3.0	 James  L.  White 	3	['Ray']	1	3.0
 Howard  Baldwin 	3.0	 Alise  Benjamin 	3	['Ray']	1	3.0
 Howard  Baldwin 	3.0	 Stuart  Benjamin 	3	['Ray']	1	3.0
 Howard  Baldwin 	3.0	 Jaime  Rucker  King 	3	['Ray']	1	3.0
 Howard  Baldwin 	3.0	 Ray  Charles  Robinson  Jr 	3	['Ray']	1	3.0
 Karen  Elise  Baldwin 	3.0	 Taylor  Hackford 	3.0	['Ray']	1	3.0
 Karen  Elise  Baldwin 	3.0	 William  J.  Immerman 	3.0	['Ray']	1	3.0
 Karen  Elise  Baldwin 	3.0	 James  L.  White 	3	['Ray']	1	3.0
 Karen  Elise  Baldwin 	3.0	 Alise  Benjamin 	3	['Ray']	1	3.0
 Karen  Elise  Baldwin 	3.0	 Stuart  Benjamin 	3	['Ray']	1	3.0
 Karen  Elise  Baldwin 	3.0	 Jaime  Rucker  King 	3	['Ray']	1	3.0
 Karen  Elise  Baldwin 	3.0	 Ray  Charles  Robinson  Jr 	3	['Ray']	1	3.0
 Vincent  Palmo  Jr 	3.0	 Jonathan  Sehring 	2.909090909090909	['Boyhood']	1	3.0
 Vincent  Palmo  Jr 	3.0	 Sandra  Adair 	3	['Boyhood']	1	3.0
 Vincent  Palmo  Jr 	3.0	 Kirsten  McMurray 	3	['Boyhood']	1	3.0
 Vincent  Palmo  Jr 	3.0	 Cathleen  Sutherland 	3	['Boyhood']	1	3.0
 Caroline  Baron 	2.3333333333333335	 Jonathan  Sehring 	2.909090909090909	 ['  Monsoon  Wedding  '] 	1	3.0
 Caroline  Baron 	2.3333333333333335	 Philip  Seymour  Hoffman 	2.0	['Capote']	1	3.0
 Caroline  Baron 	2.3333333333333335	 Michael  Ohoven 	2.8333333333333335	['Capote']	1	3.0
 Caroline  Baron 	2.3333333333333335	 Dan  Futterman 	2.3333333333333335	['Capote']	1	3.0
 Caroline  Baron 	2.3333333333333335	 Gerald  Clarke 	3	['Capote']	1	3.0
 Caroline  Baron 	2.3333333333333335	 Bennett  Miller 	1.5	['Capote']	1	3.0
 Caroline  Baron 	2.3333333333333335	 Kerry  Rock 	3.0	['Capote']	1	3.0
 Caroline  Baron 	2.3333333333333335	 Danny  Rosett 	3	['Capote']	1	3.0
 Branko  Lustig 	1.2	 Steven  Zaillian 	1.625	['Hannibal']	1	3.0
 Graham  King 	1.6842105263157894	 Jonathan  Sehring 	2.909090909090909	 ['  The  Ballad  of  Jack  and  Rose  '] 	1	3.0
 Graham  King 	1.6842105263157894	 Nina  Wolarsky 	2.5	['Argo']	1	3.0
 Graham  King 	1.6842105263157894	 David  Klawans 	1.5	['Argo']	1	3.0
 Graham  King 	1.6842105263157894	 Amy  Herman 	2.3333333333333335	['Argo']	1	3.0
 Graham  King 	1.6842105263157894	 Emma  Tillinger  Koskoff 	2.3333333333333335	['Hugo']	1	3.0
 Graham  King 	1.6842105263157894	 Joshuah  Bearman 	2.0	['Argo']	1	3.0
 Graham  King 	1.6842105263157894	 Chris  Terrio 	3	['Argo']	1	3.0
 Graham  King 	1.6842105263157894	 Tony  Mendez 	3	['Argo']	1	3.0
 Graham  King 	1.6842105263157894	 Barbara  De  Fina 	2.5	['Hugo']	1	3.0
 Graham  King 	1.6842105263157894	 Brian  Selznick 	3	['Hugo']	1	3.0
 Jonathan  Sehring 	2.909090909090909	 Sandra  Adair 	3	['Boyhood']	1	3.0
 Jonathan  Sehring 	2.909090909090909	 Kirsten  McMurray 	3	['Boyhood']	1	3.0
 Jonathan  Sehring 	2.909090909090909	 Cathleen  Sutherland 	3	['Boyhood']	1	3.0
 Kristie  Macosko  Krieger 	2.0	 Tony  Kushner 	2.0	['Lincoln']	1	3.0
 Kristie  Macosko  Krieger 	2.0	 Doris  Kearns  Goodwin 	3	['Lincoln']	1	3.0
 Adam  Somner 	1.875	 Martin  Scorsese 	2.066666666666667	 ['  The  Wolf  of  Wall  Street  '] 	1	3.0
 Adam  Somner 	1.875	 Emma  Tillinger  Koskoff 	2.3333333333333335	 ['  The  Wolf  of  Wall  Street  '] 	1	3.0
 Adam  Somner 	1.875	 Tony  Kushner 	2.0	['Lincoln']	1	3.0
 Adam  Somner 	1.875	 Doris  Kearns  Goodwin 	3	['Lincoln']	1	3.0
 Debra  Hayward 	2.529411764705882	 William  Nicholson 	1.5	 ['  Les  Miserables  ',  '  Elizabeth:  The  Golden  Age  '] 	2	3.0
 Debra  Hayward 	2.529411764705882	 Michael  Hirst 	3.0	 ['Elizabeth',  '  Elizabeth:  The  Golden  Age  '] 	2	3.0
 Debra  Hayward 	2.529411764705882	 Shekhar  Kapur 	3.0	 ['Elizabeth',  '  Elizabeth:  The  Golden  Age  '] 	2	3.0
 Debra  Hayward 	2.529411764705882	 Jane  Frazer 	2.6	 ['Atonement',  '  Pride  and  Prejudice  '] 	2	3.0
 Debra  Hayward 	2.529411764705882	 Alison  Owen 	2.7	['Elizabeth']	1	3.0
 Debra  Hayward 	2.529411764705882	 Richard  Eyre 	3.0	['Atonement']	1	3.0
 Debra  Hayward 	2.529411764705882	 Robert  Fox 	3.0	['Atonement']	1	3.0
 Debra  Hayward 	2.529411764705882	 Ian  McEwan 	3.0	['Atonement']	1	3.0
 Scott  Rudin 	2.3333333333333335	 Laurie  MacDonald 	1.875	 ["  Lemony  Snicket's  A  Series  of  Unfortunate  Events  "] 	1	3.0
 Scott  Rudin 	2.3333333333333335	 Nina  Wolarsky 	2.5	 ['  Revolutionary  Road  '] 	1	3.0
 Scott  Rudin 	2.3333333333333335	 Alison  Owen 	2.7	 ['  The  Other  Boleyn  Girl  '] 	1	3.0
 Scott  Rudin 	2.3333333333333335	 Richard  Eyre 	3.0	 ['  Notes  on  a  Scandal  '] 	1	3.0
 Scott  Rudin 	2.3333333333333335	 Robert  Fox 	3.0	 ['  The  Hours  ',  '  Notes  on  a  Scandal  ',  'Closer'] 	3	3.0
 Paul  Haggis 	2.3333333333333335	 Mark  R.  Harris 	1.5	['Crash']	1	3.0
 Paul  Haggis 	2.3333333333333335	 Robert  Moresco 	3.0	 ['  Million  Dollar  Baby  ',  'Crash'] 	2	3.0
 Paul  Haggis 	2.3333333333333335	 Betsy  Danbury 	2.3333333333333335	['Crash']	1	3.0
 Paul  Haggis 	2.3333333333333335	 Don  Cheadle 	3.0	['Crash']	1	3.0
 Paul  Haggis 	2.3333333333333335	 Tom  Nunan 	1.5	['Crash']	1	3.0
 Paul  Haggis 	2.3333333333333335	 Cathy  Schulman 	1.75	['Crash']	1	3.0
 Paul  Haggis 	2.3333333333333335	 Marina  Grasic 	3.0	['Crash']	1	3.0
 Paul  Haggis 	2.3333333333333335	 Jan  Korbelin 	3.0	['Crash']	1	3.0
 Paul  Haggis 	2.3333333333333335	 Sarah  Finn 	3	['Crash']	1	3.0
 Paul  Haggis 	2.3333333333333335	 Randi  Hiller 	3	['Crash']	1	3.0
 Paul  Haggis 	2.3333333333333335	 Andrew  Reimer 	3	['Crash']	1	3.0
 Grant  Hill 	2.3	 James  Cameron 	2.4444444444444446	['Titanic']	1	3.0
 Grant  Hill 	2.3	 Rae  Sanchini 	2.3333333333333335	['Titanic']	1	3.0
 Grant  Hill 	2.3	 Jon  Landau 	2.0	['Titanic']	1	3.0
 Grant  Hill 	2.3	 Al  Giddings 	3	['Titanic']	1	3.0
 Grant  Hill 	2.3	 Sharon  Mann 	3	['Titanic']	1	3.0
 Albert  Berger 	2.875	 Bob  Nelson 	3	['Nebraska']	1	3.0
 Albert  Berger 	2.875	 Neil  Tabatznik 	3	['Nebraska']	1	3.0
 Albert  Berger 	2.875	 Julie  M.  Thompson 	3	['Nebraska']	1	3.0
 Ron  Yerxa 	2.875	 Bob  Nelson 	3	['Nebraska']	1	3.0
 Ron  Yerxa 	2.875	 Neil  Tabatznik 	3	['Nebraska']	1	3.0
 Ron  Yerxa 	2.875	 Julie  M.  Thompson 	3	['Nebraska']	1	3.0
 Mark  R.  Harris 	1.5	 Robert  Moresco 	3.0	['Crash']	1	3.0
 Mark  R.  Harris 	1.5	 Betsy  Danbury 	2.3333333333333335	['Crash']	1	3.0
 Mark  R.  Harris 	1.5	 Don  Cheadle 	3.0	['Crash']	1	3.0
 Mark  R.  Harris 	1.5	 Tom  Nunan 	1.5	['Crash']	1	3.0
 Mark  R.  Harris 	1.5	 Cathy  Schulman 	1.75	['Crash']	1	3.0
 Mark  R.  Harris 	1.5	 Marina  Grasic 	3.0	['Crash']	1	3.0
 Mark  R.  Harris 	1.5	 Jan  Korbelin 	3.0	['Crash']	1	3.0
 Mark  R.  Harris 	1.5	 Sarah  Finn 	3	['Crash']	1	3.0
 Mark  R.  Harris 	1.5	 Randi  Hiller 	3	['Crash']	1	3.0
 Mark  R.  Harris 	1.5	 Andrew  Reimer 	3	['Crash']	1	3.0
 Christi  Dembrowski 	2.0	 Martin  Scorsese 	2.066666666666667	['Hugo']	1	3.0
 Christi  Dembrowski 	2.0	 David  Crockett 	2.7142857142857144	['Hugo']	1	3.0
 Christi  Dembrowski 	2.0	 Emma  Tillinger  Koskoff 	2.3333333333333335	['Hugo']	1	3.0
 Christi  Dembrowski 	2.0	 John  Logan 	1.3	['Hugo']	1	3.0
 Christi  Dembrowski 	2.0	 Barbara  De  Fina 	2.5	['Hugo']	1	3.0
 Christi  Dembrowski 	2.0	 Brian  Selznick 	3	['Hugo']	1	3.0
 Johnny  Depp 	1.8	 Martin  Scorsese 	2.066666666666667	['Hugo']	1	3.0
 Johnny  Depp 	1.8	 David  Crockett 	2.7142857142857144	['Hugo']	1	3.0
 Johnny  Depp 	1.8	 Emma  Tillinger  Koskoff 	2.3333333333333335	['Hugo']	1	3.0
 Johnny  Depp 	1.8	 John  Logan 	1.3	['Hugo']	1	3.0
 Johnny  Depp 	1.8	 Barbara  De  Fina 	2.5	['Hugo']	1	3.0
 Johnny  Depp 	1.8	 Brian  Selznick 	3	['Hugo']	1	3.0
 Tim  Headington 	1.9090909090909092	 Martin  Scorsese 	2.066666666666667	 ['  The  Young  Victoria  ',  'Hugo'] 	2	3.0
 Tim  Headington 	1.9090909090909092	 Ben  Affleck 	2.0	['Argo']	1	3.0
 Tim  Headington 	1.9090909090909092	 Chay  Carter 	2.3333333333333335	['Argo']	1	3.0
 Tim  Headington 	1.9090909090909092	 David  Crockett 	2.7142857142857144	['Hugo']	1	3.0
 Tim  Headington 	1.9090909090909092	 Nina  Wolarsky 	2.5	['Argo']	1	3.0
 Tim  Headington 	1.9090909090909092	 David  Klawans 	1.5	['Argo']	1	3.0
 Tim  Headington 	1.9090909090909092	 Amy  Herman 	2.3333333333333335	['Argo']	1	3.0
 Tim  Headington 	1.9090909090909092	 Emma  Tillinger  Koskoff 	2.3333333333333335	['Hugo']	1	3.0
 Tim  Headington 	1.9090909090909092	 Joshuah  Bearman 	2.0	['Argo']	1	3.0
 Tim  Headington 	1.9090909090909092	 Chris  Terrio 	3	['Argo']	1	3.0
 Tim  Headington 	1.9090909090909092	 Tony  Mendez 	3	['Argo']	1	3.0
 Tim  Headington 	1.9090909090909092	 Barbara  De  Fina 	2.5	['Hugo']	1	3.0
 Tim  Headington 	1.9090909090909092	 Brian  Selznick 	3	['Hugo']	1	3.0
 Julie  Goldstein 	2.7777777777777777	 Rob  Marshall 	2.4285714285714284	['Chicago']	1	3.0
 Julie  Goldstein 	2.7777777777777777	 Alison  Owen 	2.7	['Proof']	1	3.0
 Julie  Goldstein 	2.7777777777777777	 Meryl  Poster 	2.25	['Chicago']	1	3.0
 Julie  Goldstein 	2.7777777777777777	 Bill  Condon 	2.5555555555555554	['Chicago']	1	3.0
 Julie  Goldstein 	2.7777777777777777	 Neil  Meron 	2.5	['Chicago']	1	3.0
 Julie  Goldstein 	2.7777777777777777	 Craig  Zadan 	2.5	['Chicago']	1	3.0
 Julie  Goldstein 	2.7777777777777777	 Bob  Fosse 	3	['Chicago']	1	3.0
 Julie  Goldstein 	2.7777777777777777	 Fred  Ebb 	3	['Chicago']	1	3.0
 Julie  Goldstein 	2.7777777777777777	 Maurine  Dallas  Watkins 	3	['Chicago']	1	3.0
 Julie  Goldstein 	2.7777777777777777	 Jennifer  Berman 	3	['Chicago']	1	3.0
 Julie  Goldstein 	2.7777777777777777	 Sam  Crothers 	3	['Chicago']	1	3.0
 Julie  Goldstein 	2.7777777777777777	 Martin  Richards 	3	['Chicago']	1	3.0
 Taylor  Hackford 	3.0	 William  J.  Immerman 	3.0	['Ray']	1	3.0
 Taylor  Hackford 	3.0	 James  L.  White 	3	['Ray']	1	3.0
 Taylor  Hackford 	3.0	 Alise  Benjamin 	3	['Ray']	1	3.0
 Taylor  Hackford 	3.0	 Stuart  Benjamin 	3	['Ray']	1	3.0
 Taylor  Hackford 	3.0	 Jaime  Rucker  King 	3	['Ray']	1	3.0
 Taylor  Hackford 	3.0	 Ray  Charles  Robinson  Jr 	3	['Ray']	1	3.0
 William  Nicholson 	1.5	 Michael  Hirst 	3.0	 ['  Elizabeth:  The  Golden  Age  '] 	1	3.0
 William  Nicholson 	1.5	 Shekhar  Kapur 	3.0	 ['  Elizabeth:  The  Golden  Age  '] 	1	3.0
 Michael  Hirst 	3.0	 Shekhar  Kapur 	3.0	 ['Elizabeth',  '  Elizabeth:  The  Golden  Age  '] 	2	3.0
 Michael  Hirst 	3.0	 Alison  Owen 	2.7	['Elizabeth']	1	3.0
 Shekhar  Kapur 	3.0	 Alison  Owen 	2.7	['Elizabeth']	1	3.0
 Nan  Morales 	2.111111111111111	 Ava  DuVernay 	3.0	['Selma']	1	3.0
 Nan  Morales 	2.111111111111111	 Oprah  Winfrey 	3.0	['Selma']	1	3.0
 Nan  Morales 	2.111111111111111	 Paul  Webb 	3	['Selma']	1	3.0
 Nan  Morales 	2.111111111111111	 Nik  Bower 	3.0	['Selma']	1	3.0
 Nan  Morales 	2.111111111111111	 Paul  Garnes 	3	['Selma']	1	3.0
 Nan  Morales 	2.111111111111111	 Diarmuid  McKeown 	3	['Selma']	1	3.0
 Martin  Scorsese 	2.066666666666667	 David  Crockett 	2.7142857142857144	['Hugo']	1	3.0
 Martin  Scorsese 	2.066666666666667	 Brian  Selznick 	3	['Hugo']	1	3.0
 Philip  Seymour  Hoffman 	2.0	 Michael  Ohoven 	2.8333333333333335	['Capote']	1	3.0
 Philip  Seymour  Hoffman 	2.0	 Dan  Futterman 	2.3333333333333335	['Capote']	1	3.0
 Philip  Seymour  Hoffman 	2.0	 Gerald  Clarke 	3	['Capote']	1	3.0
 Philip  Seymour  Hoffman 	2.0	 Bennett  Miller 	1.5	['Capote']	1	3.0
 Philip  Seymour  Hoffman 	2.0	 Kerry  Rock 	3.0	['Capote']	1	3.0
 Philip  Seymour  Hoffman 	2.0	 Danny  Rosett 	3	['Capote']	1	3.0
 Ben  Affleck 	2.0	 Alan  Ladd  Jr 	2.0	 ['  Gone  Baby  Gone  '] 	1	3.0
 Ben  Affleck 	2.0	 Nina  Wolarsky 	2.5	['Argo']	1	3.0
 Ben  Affleck 	2.0	 David  Klawans 	1.5	['Argo']	1	3.0
 Ben  Affleck 	2.0	 Amy  Herman 	2.3333333333333335	['Argo']	1	3.0
 Ben  Affleck 	2.0	 Joshuah  Bearman 	2.0	['Argo']	1	3.0
 Ben  Affleck 	2.0	 Chris  Terrio 	3	['Argo']	1	3.0
 Ben  Affleck 	2.0	 Tony  Mendez 	3	['Argo']	1	3.0
 Chay  Carter 	2.3333333333333335	 Alan  Ladd  Jr 	2.0	 ['  Gone  Baby  Gone  '] 	1	3.0
 Chay  Carter 	2.3333333333333335	 Nina  Wolarsky 	2.5	['Argo']	1	3.0
 Chay  Carter 	2.3333333333333335	 David  Klawans 	1.5	['Argo']	1	3.0
 Chay  Carter 	2.3333333333333335	 Amy  Herman 	2.3333333333333335	['Argo']	1	3.0
 Chay  Carter 	2.3333333333333335	 Joshuah  Bearman 	2.0	['Argo']	1	3.0
 Chay  Carter 	2.3333333333333335	 Chris  Terrio 	3	['Argo']	1	3.0
 Chay  Carter 	2.3333333333333335	 Tony  Mendez 	3	['Argo']	1	3.0
 David  Crockett 	2.7142857142857144	 Alan  Ladd  Jr 	2.0	 ['  Gone  Baby  Gone  '] 	1	3.0
 David  Crockett 	2.7142857142857144	 Emma  Tillinger  Koskoff 	2.3333333333333335	['Hugo']	1	3.0
 David  Crockett 	2.7142857142857144	 John  Logan 	1.3	['Hugo']	1	3.0
 David  Crockett 	2.7142857142857144	 Barbara  De  Fina 	2.5	['Hugo']	1	3.0
 David  Crockett 	2.7142857142857144	 Brian  Selznick 	3	['Hugo']	1	3.0
 Jane  Frazer 	2.6	 Richard  Eyre 	3.0	['Atonement']	1	3.0
 Jane  Frazer 	2.6	 Robert  Fox 	3.0	['Atonement']	1	3.0
 Jane  Frazer 	2.6	 Ian  McEwan 	3.0	['Atonement']	1	3.0
 Michael  London 	1.9	 Tom  McCarthy 	2.5555555555555554	 ['  The  Visitor  ',  '  Win  Win  '] 	2	3.0
 Michael  London 	1.9	 Rex  Pickett 	3	['Sideways']	1	3.0
 Ava  DuVernay 	3.0	 Oprah  Winfrey 	3.0	['Selma']	1	3.0
 Ava  DuVernay 	3.0	 Paul  Webb 	3	['Selma']	1	3.0
 Ava  DuVernay 	3.0	 Nik  Bower 	3.0	['Selma']	1	3.0
 Ava  DuVernay 	3.0	 Paul  Garnes 	3	['Selma']	1	3.0
 Ava  DuVernay 	3.0	 Diarmuid  McKeown 	3	['Selma']	1	3.0
 Nina  Wolarsky 	2.5	 David  Klawans 	1.5	['Argo']	1	3.0
 Nina  Wolarsky 	2.5	 Amy  Herman 	2.3333333333333335	['Argo']	1	3.0
 Nina  Wolarsky 	2.5	 Joshuah  Bearman 	2.0	['Argo']	1	3.0
 Nina  Wolarsky 	2.5	 Chris  Terrio 	3	['Argo']	1	3.0
 Nina  Wolarsky 	2.5	 Tony  Mendez 	3	['Argo']	1	3.0
 Brad  Van  Arragon 	2.8333333333333335	 Diablo  Cody 	3.0	 ["  Jennifer's  Body  ",  'Juno'] 	2	3.0
 Brad  Van  Arragon 	2.8333333333333335	 Daniel  Dubiecki 	2.3333333333333335	 ["  Jennifer's  Body  ",  'Juno'] 	2	3.0
 Brad  Van  Arragon 	2.8333333333333335	 Jim  Miller 	3.0	['Juno']	1	3.0
 Rob  Marshall 	2.4285714285714284	 Meryl  Poster 	2.25	['Chicago']	1	3.0
 Rob  Marshall 	2.4285714285714284	 Bill  Condon 	2.5555555555555554	['Chicago']	1	3.0
 Rob  Marshall 	2.4285714285714284	 Neil  Meron 	2.5	['Chicago']	1	3.0
 Rob  Marshall 	2.4285714285714284	 Craig  Zadan 	2.5	['Chicago']	1	3.0
 Rob  Marshall 	2.4285714285714284	 Bob  Fosse 	3	['Chicago']	1	3.0
 Rob  Marshall 	2.4285714285714284	 Fred  Ebb 	3	['Chicago']	1	3.0
 Rob  Marshall 	2.4285714285714284	 Maurine  Dallas  Watkins 	3	['Chicago']	1	3.0
 Rob  Marshall 	2.4285714285714284	 Jennifer  Berman 	3	['Chicago']	1	3.0
 Rob  Marshall 	2.4285714285714284	 Sam  Crothers 	3	['Chicago']	1	3.0
 Rob  Marshall 	2.4285714285714284	 Martin  Richards 	3	['Chicago']	1	3.0
 Alison  Owen 	2.7	 Nik  Bower 	3.0	['Suffragette']	1	3.0
 Diablo  Cody 	3.0	 Daniel  Dubiecki 	2.3333333333333335	 ["  Jennifer's  Body  ",  'Juno'] 	2	3.0
 Diablo  Cody 	3.0	 Jim  Miller 	3.0	['Juno']	1	3.0
 Daniel  Dubiecki 	2.3333333333333335	 Jim  Miller 	3.0	['Juno']	1	3.0
 Meryl  Poster 	2.25	 Bill  Condon 	2.5555555555555554	['Chicago']	1	3.0
 Meryl  Poster 	2.25	 Neil  Meron 	2.5	['Chicago']	1	3.0
 Meryl  Poster 	2.25	 Craig  Zadan 	2.5	['Chicago']	1	3.0
 Meryl  Poster 	2.25	 Bob  Fosse 	3	['Chicago']	1	3.0
 Meryl  Poster 	2.25	 Fred  Ebb 	3	['Chicago']	1	3.0
 Meryl  Poster 	2.25	 Maurine  Dallas  Watkins 	3	['Chicago']	1	3.0
 Meryl  Poster 	2.25	 Jennifer  Berman 	3	['Chicago']	1	3.0
 Meryl  Poster 	2.25	 Sam  Crothers 	3	['Chicago']	1	3.0
 Meryl  Poster 	2.25	 Martin  Richards 	3	['Chicago']	1	3.0
 Robert  Moresco 	3.0	 Betsy  Danbury 	2.3333333333333335	['Crash']	1	3.0
 Robert  Moresco 	3.0	 Don  Cheadle 	3.0	['Crash']	1	3.0
 Robert  Moresco 	3.0	 Tom  Nunan 	1.5	['Crash']	1	3.0
 Robert  Moresco 	3.0	 Cathy  Schulman 	1.75	['Crash']	1	3.0
 Robert  Moresco 	3.0	 Marina  Grasic 	3.0	['Crash']	1	3.0
 Robert  Moresco 	3.0	 Jan  Korbelin 	3.0	['Crash']	1	3.0
 Robert  Moresco 	3.0	 Sarah  Finn 	3	['Crash']	1	3.0
 Robert  Moresco 	3.0	 Randi  Hiller 	3	['Crash']	1	3.0
 Robert  Moresco 	3.0	 Andrew  Reimer 	3	['Crash']	1	3.0
 Bill  Condon 	2.5555555555555554	 Neil  Meron 	2.5	['Chicago']	1	3.0
 Bill  Condon 	2.5555555555555554	 Craig  Zadan 	2.5	['Chicago']	1	3.0
 Bill  Condon 	2.5555555555555554	 Bob  Fosse 	3	['Chicago']	1	3.0
 Bill  Condon 	2.5555555555555554	 Fred  Ebb 	3	['Chicago']	1	3.0
 Bill  Condon 	2.5555555555555554	 Maurine  Dallas  Watkins 	3	['Chicago']	1	3.0
 Bill  Condon 	2.5555555555555554	 Jennifer  Berman 	3	['Chicago']	1	3.0
 Bill  Condon 	2.5555555555555554	 Sam  Crothers 	3	['Chicago']	1	3.0
 Bill  Condon 	2.5555555555555554	 Martin  Richards 	3	['Chicago']	1	3.0
 David  Klawans 	1.5	 Amy  Herman 	2.3333333333333335	['Argo']	1	3.0
 David  Klawans 	1.5	 Joshuah  Bearman 	2.0	['Argo']	1	3.0
 David  Klawans 	1.5	 Chris  Terrio 	3	['Argo']	1	3.0
 David  Klawans 	1.5	 Tony  Mendez 	3	['Argo']	1	3.0
 Richard  Eyre 	3.0	 Robert  Fox 	3.0	 ['Atonement',  '  Notes  on  a  Scandal  '] 	2	3.0
 Richard  Eyre 	3.0	 Ian  McEwan 	3.0	['Atonement']	1	3.0
 Robert  Fox 	3.0	 Ian  McEwan 	3.0	['Atonement']	1	3.0
 William  J.  Immerman 	3.0	 James  L.  White 	3	['Ray']	1	3.0
 William  J.  Immerman 	3.0	 Alise  Benjamin 	3	['Ray']	1	3.0
 William  J.  Immerman 	3.0	 Stuart  Benjamin 	3	['Ray']	1	3.0
 William  J.  Immerman 	3.0	 Jaime  Rucker  King 	3	['Ray']	1	3.0
 William  J.  Immerman 	3.0	 Ray  Charles  Robinson  Jr 	3	['Ray']	1	3.0
 Oprah  Winfrey 	3.0	 Paul  Webb 	3	['Selma']	1	3.0
 Oprah  Winfrey 	3.0	 Nik  Bower 	3.0	['Selma']	1	3.0
 Oprah  Winfrey 	3.0	 Paul  Garnes 	3	['Selma']	1	3.0
 Oprah  Winfrey 	3.0	 Diarmuid  McKeown 	3	['Selma']	1	3.0
 Betsy  Danbury 	2.3333333333333335	 Don  Cheadle 	3.0	['Crash']	1	3.0
 Betsy  Danbury 	2.3333333333333335	 Tom  Nunan 	1.5	['Crash']	1	3.0
 Betsy  Danbury 	2.3333333333333335	 Cathy  Schulman 	1.75	['Crash']	1	3.0
 Betsy  Danbury 	2.3333333333333335	 Marina  Grasic 	3.0	['Crash']	1	3.0
 Betsy  Danbury 	2.3333333333333335	 Jan  Korbelin 	3.0	['Crash']	1	3.0
 Betsy  Danbury 	2.3333333333333335	 Sarah  Finn 	3	['Crash']	1	3.0
 Betsy  Danbury 	2.3333333333333335	 Randi  Hiller 	3	['Crash']	1	3.0
 Betsy  Danbury 	2.3333333333333335	 Andrew  Reimer 	3	['Crash']	1	3.0
 Betsy  Danbury 	2.3333333333333335	 Michel  Litvak 	2.5	['Nightcrawler']	1	3.0
 Betsy  Danbury 	2.3333333333333335	 Gary  Michael  Walters 	2.5	['Nightcrawler']	1	3.0
 Betsy  Danbury 	2.3333333333333335	 Stephanie  Wilcox 	2.0	['Nightcrawler']	1	3.0
 Amy  Herman 	2.3333333333333335	 Joshuah  Bearman 	2.0	['Argo']	1	3.0
 Amy  Herman 	2.3333333333333335	 Chris  Terrio 	3	['Argo']	1	3.0
 Amy  Herman 	2.3333333333333335	 Tony  Mendez 	3	['Argo']	1	3.0
 Emma  Tillinger  Koskoff 	2.3333333333333335	 John  Logan 	1.3	['Hugo']	1	3.0
 Emma  Tillinger  Koskoff 	2.3333333333333335	 Barbara  De  Fina 	2.5	['Hugo']	1	3.0
 Emma  Tillinger  Koskoff 	2.3333333333333335	 Brian  Selznick 	3	['Hugo']	1	3.0
 John  Logan 	1.3	 Barbara  De  Fina 	2.5	['Hugo']	1	3.0
 John  Logan 	1.3	 Brian  Selznick 	3	['Hugo']	1	3.0
 Don  Cheadle 	3.0	 Tom  Nunan 	1.5	['Crash']	1	3.0
 Don  Cheadle 	3.0	 Cathy  Schulman 	1.75	['Crash']	1	3.0
 Don  Cheadle 	3.0	 Marina  Grasic 	3.0	['Crash']	1	3.0
 Don  Cheadle 	3.0	 Jan  Korbelin 	3.0	['Crash']	1	3.0
 Don  Cheadle 	3.0	 Sarah  Finn 	3	['Crash']	1	3.0
 Don  Cheadle 	3.0	 Randi  Hiller 	3	['Crash']	1	3.0
 Don  Cheadle 	3.0	 Andrew  Reimer 	3	['Crash']	1	3.0
 James  Cameron 	2.4444444444444446	 Al  Giddings 	3	['Titanic']	1	3.0
 James  Cameron 	2.4444444444444446	 Sharon  Mann 	3	['Titanic']	1	3.0
 Rae  Sanchini 	2.3333333333333335	 Al  Giddings 	3	['Titanic']	1	3.0
 Rae  Sanchini 	2.3333333333333335	 Sharon  Mann 	3	['Titanic']	1	3.0
 Jim  Miller 	3.0	 Mark  Bakshi 	1.8	 ["  What  to  Expect  When  You're  Expecting  "] 	1	3.0
 Neil  Meron 	2.5	 Bob  Fosse 	3	['Chicago']	1	3.0
 Neil  Meron 	2.5	 Fred  Ebb 	3	['Chicago']	1	3.0
 Neil  Meron 	2.5	 Maurine  Dallas  Watkins 	3	['Chicago']	1	3.0
 Neil  Meron 	2.5	 Jennifer  Berman 	3	['Chicago']	1	3.0
 Neil  Meron 	2.5	 Sam  Crothers 	3	['Chicago']	1	3.0
 Neil  Meron 	2.5	 Martin  Richards 	3	['Chicago']	1	3.0
 Craig  Zadan 	2.5	 Bob  Fosse 	3	['Chicago']	1	3.0
 Craig  Zadan 	2.5	 Fred  Ebb 	3	['Chicago']	1	3.0
 Craig  Zadan 	2.5	 Maurine  Dallas  Watkins 	3	['Chicago']	1	3.0
 Craig  Zadan 	2.5	 Jennifer  Berman 	3	['Chicago']	1	3.0
 Craig  Zadan 	2.5	 Sam  Crothers 	3	['Chicago']	1	3.0
 Craig  Zadan 	2.5	 Martin  Richards 	3	['Chicago']	1	3.0
 Michael  Ohoven 	2.8333333333333335	 Bruce  Davey 	2.1666666666666665	['Push']	1	3.0
 Michael  Ohoven 	2.8333333333333335	 Dan  Futterman 	2.3333333333333335	['Capote']	1	3.0
 Michael  Ohoven 	2.8333333333333335	 Gerald  Clarke 	3	['Capote']	1	3.0
 Michael  Ohoven 	2.8333333333333335	 Bennett  Miller 	1.5	['Capote']	1	3.0
 Michael  Ohoven 	2.8333333333333335	 Kerry  Rock 	3.0	 ['Capote',  'Saved!',  'Push'] 	3	3.0
 Michael  Ohoven 	2.8333333333333335	 Danny  Rosett 	3	['Capote']	1	3.0
 Tom  Nunan 	1.5	 Marina  Grasic 	3.0	['Crash']	1	3.0
 Tom  Nunan 	1.5	 Jan  Korbelin 	3.0	['Crash']	1	3.0
 Tom  Nunan 	1.5	 Sarah  Finn 	3	['Crash']	1	3.0
 Tom  Nunan 	1.5	 Randi  Hiller 	3	['Crash']	1	3.0
 Tom  Nunan 	1.5	 Andrew  Reimer 	3	['Crash']	1	3.0
 Cathy  Schulman 	1.75	 Marina  Grasic 	3.0	['Crash']	1	3.0
 Cathy  Schulman 	1.75	 Jan  Korbelin 	3.0	['Crash']	1	3.0
 Cathy  Schulman 	1.75	 Sarah  Finn 	3	['Crash']	1	3.0
 Cathy  Schulman 	1.75	 Randi  Hiller 	3	['Crash']	1	3.0
 Cathy  Schulman 	1.75	 Andrew  Reimer 	3	['Crash']	1	3.0
 Joshuah  Bearman 	2.0	 Chris  Terrio 	3	['Argo']	1	3.0
 Joshuah  Bearman 	2.0	 Tony  Mendez 	3	['Argo']	1	3.0
 Marina  Grasic 	3.0	 Jan  Korbelin 	3.0	 ['Crash',  '  The  Lucky  Ones  '] 	2	3.0
 Marina  Grasic 	3.0	 Sarah  Finn 	3	['Crash']	1	3.0
 Marina  Grasic 	3.0	 Randi  Hiller 	3	['Crash']	1	3.0
 Marina  Grasic 	3.0	 Andrew  Reimer 	3	['Crash']	1	3.0
 Jan  Korbelin 	3.0	 Sarah  Finn 	3	['Crash']	1	3.0
 Jan  Korbelin 	3.0	 Randi  Hiller 	3	['Crash']	1	3.0
 Jan  Korbelin 	3.0	 Andrew  Reimer 	3	['Crash']	1	3.0
 Bruce  Davey 	2.1666666666666665	 Kerry  Rock 	3.0	['Push']	1	3.0
 Chris  Terrio 	3	 Tony  Mendez 	3	['Argo']	1	3.0
 Jon  Landau 	2.0	 Al  Giddings 	3	['Titanic']	1	3.0
 Jon  Landau 	2.0	 Sharon  Mann 	3	['Titanic']	1	3.0
 Sandra  Adair 	3	 Kirsten  McMurray 	3	['Boyhood']	1	3.0
 Sandra  Adair 	3	 Cathleen  Sutherland 	3	['Boyhood']	1	3.0
 Kirsten  McMurray 	3	 Cathleen  Sutherland 	3	['Boyhood']	1	3.0
 Dan  Futterman 	2.3333333333333335	 Gerald  Clarke 	3	['Capote']	1	3.0
 Dan  Futterman 	2.3333333333333335	 Kerry  Rock 	3.0	['Capote']	1	3.0
 Dan  Futterman 	2.3333333333333335	 Danny  Rosett 	3	['Capote']	1	3.0
 Gerald  Clarke 	3	 Bennett  Miller 	1.5	['Capote']	1	3.0
 Gerald  Clarke 	3	 Kerry  Rock 	3.0	['Capote']	1	3.0
 Gerald  Clarke 	3	 Danny  Rosett 	3	['Capote']	1	3.0
 Bennett  Miller 	1.5	 Kerry  Rock 	3.0	['Capote']	1	3.0
 Bennett  Miller 	1.5	 Danny  Rosett 	3	['Capote']	1	3.0
 Kerry  Rock 	3.0	 Danny  Rosett 	3	['Capote']	1	3.0
 Barbara  De  Fina 	2.5	 Brian  Selznick 	3	['Hugo']	1	3.0
 Bob  Fosse 	3	 Fred  Ebb 	3	['Chicago']	1	3.0
 Bob  Fosse 	3	 Maurine  Dallas  Watkins 	3	['Chicago']	1	3.0
 Bob  Fosse 	3	 Jennifer  Berman 	3	['Chicago']	1	3.0
 Bob  Fosse 	3	 Sam  Crothers 	3	['Chicago']	1	3.0
 Bob  Fosse 	3	 Martin  Richards 	3	['Chicago']	1	3.0
 Fred  Ebb 	3	 Maurine  Dallas  Watkins 	3	['Chicago']	1	3.0
 Fred  Ebb 	3	 Jennifer  Berman 	3	['Chicago']	1	3.0
 Fred  Ebb 	3	 Sam  Crothers 	3	['Chicago']	1	3.0
 Fred  Ebb 	3	 Martin  Richards 	3	['Chicago']	1	3.0
 Maurine  Dallas  Watkins 	3	 Jennifer  Berman 	3	['Chicago']	1	3.0
 Maurine  Dallas  Watkins 	3	 Sam  Crothers 	3	['Chicago']	1	3.0
 Maurine  Dallas  Watkins 	3	 Martin  Richards 	3	['Chicago']	1	3.0
 Jennifer  Berman 	3	 Sam  Crothers 	3	['Chicago']	1	3.0
 Jennifer  Berman 	3	 Martin  Richards 	3	['Chicago']	1	3.0
 Sam  Crothers 	3	 Martin  Richards 	3	['Chicago']	1	3.0
 Sarah  Finn 	3	 Randi  Hiller 	3	['Crash']	1	3.0
 Sarah  Finn 	3	 Andrew  Reimer 	3	['Crash']	1	3.0
 Randi  Hiller 	3	 Andrew  Reimer 	3	['Crash']	1	3.0
 Tony  Kushner 	2.0	 Doris  Kearns  Goodwin 	3	['Lincoln']	1	3.0
 Bob  Nelson 	3	 Neil  Tabatznik 	3	['Nebraska']	1	3.0
 Bob  Nelson 	3	 Julie  M.  Thompson 	3	['Nebraska']	1	3.0
 Neil  Tabatznik 	3	 Julie  M.  Thompson 	3	['Nebraska']	1	3.0
 James  L.  White 	3	 Alise  Benjamin 	3	['Ray']	1	3.0
 James  L.  White 	3	 Stuart  Benjamin 	3	['Ray']	1	3.0
 James  L.  White 	3	 Jaime  Rucker  King 	3	['Ray']	1	3.0
 James  L.  White 	3	 Ray  Charles  Robinson  Jr 	3	['Ray']	1	3.0
 Alise  Benjamin 	3	 Stuart  Benjamin 	3	['Ray']	1	3.0
 Alise  Benjamin 	3	 Jaime  Rucker  King 	3	['Ray']	1	3.0
 Alise  Benjamin 	3	 Ray  Charles  Robinson  Jr 	3	['Ray']	1	3.0
 Stuart  Benjamin 	3	 Jaime  Rucker  King 	3	['Ray']	1	3.0
 Stuart  Benjamin 	3	 Ray  Charles  Robinson  Jr 	3	['Ray']	1	3.0
 Jaime  Rucker  King 	3	 Ray  Charles  Robinson  Jr 	3	['Ray']	1	3.0
 Paul  Webb 	3	 Nik  Bower 	3.0	['Selma']	1	3.0
 Paul  Webb 	3	 Paul  Garnes 	3	['Selma']	1	3.0
 Paul  Webb 	3	 Diarmuid  McKeown 	3	['Selma']	1	3.0
 Nik  Bower 	3.0	 Paul  Garnes 	3	['Selma']	1	3.0
 Nik  Bower 	3.0	 Diarmuid  McKeown 	3	['Selma']	1	3.0
 Paul  Garnes 	3	 Diarmuid  McKeown 	3	['Selma']	1	3.0
 Al  Giddings 	3	 Sharon  Mann 	3	['Titanic']	1	3.0
